match,bowlingTeam,bowlerName,bowlerNameUrl,overs,maidens,runs,wickets,economy,0s,4s,6s,wd,nb
England Vs Pakistan,England,Ben Stokes,https://www.espncricinfo.com/cricketers/ben-stokes-311158,4,0,32,1,8.00,6,1,0,2,1
England Vs Pakistan,England,Chris Woakes,https://www.espncricinfo.com/cricketers/chris-woakes-247235,3,0,26,0,8.66,7,2,1,2,0
England Vs Pakistan,England,Sam Curran,https://www.espncricinfo.com/cricketers/sam-curran-662973,4,0,12,3,3.00,15,0,0,0,0
England Vs Pakistan,England,Adil Rashid,https://www.espncricinfo.com/cricketers/adil-rashid-244497,4,1,22,2,5.50,10,1,0,1,0
England Vs Pakistan,England,Chris Jordan,https://www.espncricinfo.com/cricketers/chris-jordan-288992,4,0,27,2,6.75,9,3,0,0,0
England Vs Pakistan,England,Liam Livingstone,https://www.espncricinfo.com/cricketers/liam-livingstone-403902,1,0,16,0,16.00,1,1,1,1,0
England Vs Pakistan,Pakistan,Shaheen Shah Afridi,https://www.espncricinfo.com/cricketers/shaheen-shah-afridi-1072470,2.1,0,13,1,6.00,6,1,0,0,0
England Vs Pakistan,Pakistan,Naseem Shah,https://www.espncricinfo.com/cricketers/naseem-shah-1158088,4,0,30,0,7.50,15,3,1,1,0
England Vs Pakistan,Pakistan,Haris Rauf,https://www.espncricinfo.com/cricketers/haris-rauf-1161606,4,0,23,2,5.75,13,3,0,1,0
England Vs Pakistan,Pakistan,Shadab Khan,https://www.espncricinfo.com/cricketers/shadab-khan-922943,4,0,20,1,5.00,10,1,0,0,0
England Vs Pakistan,Pakistan,Mohammad Wasim,https://www.espncricinfo.com/cricketers/mohammad-wasim-1185538,4,0,38,1,9.50,5,5,0,2,0
England Vs Pakistan,Pakistan,Iftikhar Ahmed,https://www.espncricinfo.com/cricketers/iftikhar-ahmed-480603,0.5,0,13,0,15.60,0,1,1,0,0
England Vs India,England,Ben Stokes,https://www.espncricinfo.com/cricketers/ben-stokes-311158,2,0,18,0,9.00,5,2,1,0,0
England Vs India,England,Chris Woakes,https://www.espncricinfo.com/cricketers/chris-woakes-247235,3,0,24,1,8.00,5,1,1,2,0
England Vs India,England,Sam Curran,https://www.espncricinfo.com/cricketers/sam-curran-662973,4,0,42,0,10.50,9,5,2,0,0
England Vs India,England,Adil Rashid,https://www.espncricinfo.com/cricketers/adil-rashid-244497,4,0,20,1,5.00,8,1,0,0,0
England Vs India,England,Liam Livingstone,https://www.espncricinfo.com/cricketers/liam-livingstone-403902,3,0,21,0,7.00,7,3,0,0,0
England Vs India,England,Chris Jordan,https://www.espncricinfo.com/cricketers/chris-jordan-288992,4,0,43,3,10.75,8,3,3,1,0
England Vs India,India,Bhuvneshwar Kumar,https://www.espncricinfo.com/cricketers/bhuvneshwar-kumar-326016,2,0,25,0,12.50,4,3,1,1,0
England Vs India,India,Arshdeep Singh,https://www.espncricinfo.com/cricketers/arshdeep-singh-1125976,2,0,15,0,7.50,4,2,0,1,0
England Vs India,India,Axar Patel,https://www.espncricinfo.com/cricketers/axar-patel-554691,4,0,30,0,7.50,10,2,2,0,0
England Vs India,India,Mohammed Shami,https://www.espncricinfo.com/cricketers/mohammed-shami-481896,3,0,39,0,13.00,7,4,3,0,0
England Vs India,India,Ravichandran Ashwin,https://www.espncricinfo.com/cricketers/ravichandran-ashwin-26421,2,0,27,0,13.50,1,1,2,1,0
England Vs India,India,Hardik Pandya,https://www.espncricinfo.com/cricketers/hardik-pandya-625371,3,0,34,0,11.33,5,1,2,0,0
New Zealand Vs Pakistan,New Zealand,Shaheen Shah Afridi,https://www.espncricinfo.com/cricketers/shaheen-shah-afridi-1072470,4,0,24,2,6.00,11,2,0,0,0
New Zealand Vs Pakistan,New Zealand,Naseem Shah,https://www.espncricinfo.com/cricketers/naseem-shah-1158088,4,0,30,0,7.50,8,3,0,0,0
New Zealand Vs Pakistan,New Zealand,Haris Rauf,https://www.espncricinfo.com/cricketers/haris-rauf-1161606,4,0,32,0,8.00,6,2,0,0,0
New Zealand Vs Pakistan,New Zealand,Mohammad Wasim,https://www.espncricinfo.com/cricketers/mohammad-wasim-1185538,2,0,15,0,7.50,3,0,1,0,0
New Zealand Vs Pakistan,New Zealand,Shadab Khan,https://www.espncricinfo.com/cricketers/shadab-khan-922943,4,0,33,0,8.25,7,3,1,0,0
New Zealand Vs Pakistan,New Zealand,Mohammad Nawaz,https://www.espncricinfo.com/cricketers/mohammad-nawaz-348148,2,0,12,1,6.00,2,0,0,0,0
New Zealand Vs Pakistan,Pakistan,Trent Boult,https://www.espncricinfo.com/cricketers/trent-boult-277912,4,0,33,2,8.25,9,5,0,0,0
New Zealand Vs Pakistan,Pakistan,Tim Southee,https://www.espncricinfo.com/cricketers/tim-southee-232364,3.1,0,24,0,7.57,7,3,0,2,0
New Zealand Vs Pakistan,Pakistan,Lockie Ferguson,https://www.espncricinfo.com/cricketers/lockie-ferguson-493773,4,0,37,0,9.25,7,4,1,1,0
New Zealand Vs Pakistan,Pakistan,Mitchell Santner,https://www.espncricinfo.com/cricketers/mitchell-santner-502714,4,0,26,1,6.50,6,1,0,0,0
New Zealand Vs Pakistan,Pakistan,Ish Sodhi,https://www.espncricinfo.com/cricketers/ish-sodhi-559066,4,0,26,0,6.50,4,1,0,0,0
India Vs Zimbabwe,India,Richard Ngarava,https://www.espncricinfo.com/cricketers/richard-ngarava-806241,4,1,44,1,11.00,12,2,4,1,1
India Vs Zimbabwe,India,Tendai Chatara,https://www.espncricinfo.com/cricketers/tendai-chatara-425639,4,0,34,0,8.50,5,3,1,0,0
India Vs Zimbabwe,India,Blessing Muzarabani,https://www.espncricinfo.com/cricketers/blessing-muzarabani-827051,4,0,50,1,12.50,5,8,0,1,0
India Vs Zimbabwe,India,Wellington Masakadza,https://www.espncricinfo.com/cricketers/wellington-masakadza-571703,2,0,12,0,6.00,5,1,0,1,0
India Vs Zimbabwe,India,Ryan Burl,https://www.espncricinfo.com/cricketers/ryan-burl-495964,1,0,14,0,14.00,1,1,1,0,0
India Vs Zimbabwe,India,Sikandar Raza,https://www.espncricinfo.com/cricketers/sikandar-raza-299572,3,0,18,1,6.00,5,0,1,0,0
India Vs Zimbabwe,India,Sean Williams,https://www.espncricinfo.com/cricketers/sean-williams-55870,2,0,9,2,4.50,6,0,0,2,0
India Vs Zimbabwe,Zimbabwe,Bhuvneshwar Kumar,https://www.espncricinfo.com/cricketers/bhuvneshwar-kumar-326016,3,1,11,1,3.66,14,1,0,1,0
India Vs Zimbabwe,Zimbabwe,Arshdeep Singh,https://www.espncricinfo.com/cricketers/arshdeep-singh-1125976,2,0,9,1,4.50,9,1,0,2,0
India Vs Zimbabwe,Zimbabwe,Mohammed Shami,https://www.espncricinfo.com/cricketers/mohammed-shami-481896,2,0,14,2,7.00,7,1,1,0,0
India Vs Zimbabwe,Zimbabwe,Hardik Pandya,https://www.espncricinfo.com/cricketers/hardik-pandya-625371,3,0,16,2,5.33,10,1,0,2,1
India Vs Zimbabwe,Zimbabwe,Ravichandran Ashwin,https://www.espncricinfo.com/cricketers/ravichandran-ashwin-26421,4,0,22,3,5.50,13,3,0,1,0
India Vs Zimbabwe,Zimbabwe,Axar Patel,https://www.espncricinfo.com/cricketers/axar-patel-554691,3.2,0,40,1,12.00,4,5,1,0,0
Bangladesh Vs Pakistan,Bangladesh,Shaheen Shah Afridi,https://www.espncricinfo.com/cricketers/shaheen-shah-afridi-1072470,4,0,22,4,5.50,13,2,1,0,0
Bangladesh Vs Pakistan,Bangladesh,Naseem Shah,https://www.espncricinfo.com/cricketers/naseem-shah-1158088,3,0,15,0,5.00,9,2,0,0,0
Bangladesh Vs Pakistan,Bangladesh,Mohammad Wasim,https://www.espncricinfo.com/cricketers/mohammad-wasim-1185538,2,0,19,0,9.50,5,1,1,1,0
Bangladesh Vs Pakistan,Bangladesh,Haris Rauf,https://www.espncricinfo.com/cricketers/haris-rauf-1161606,4,0,21,1,5.25,11,2,0,0,0
Bangladesh Vs Pakistan,Bangladesh,Shadab Khan,https://www.espncricinfo.com/cricketers/shadab-khan-922943,4,0,30,2,7.50,8,3,0,0,0
Bangladesh Vs Pakistan,Bangladesh,Iftikhar Ahmed,https://www.espncricinfo.com/cricketers/iftikhar-ahmed-480603,3,0,15,1,5.00,9,2,0,0,0
Bangladesh Vs Pakistan,Pakistan,Taskin Ahmed,https://www.espncricinfo.com/cricketers/taskin-ahmed-538506,3,0,26,0,8.66,10,1,2,0,1
Bangladesh Vs Pakistan,Pakistan,Nasum Ahmed,https://www.espncricinfo.com/cricketers/nasum-ahmed-348049,4,0,14,1,3.50,13,0,0,2,0
Bangladesh Vs Pakistan,Pakistan,Shakib Al Hasan,https://www.espncricinfo.com/cricketers/shakib-al-hasan-56143,4,0,35,1,8.75,6,5,0,0,0
Bangladesh Vs Pakistan,Pakistan,Mustafizur Rahman,https://www.espncricinfo.com/cricketers/mustafizur-rahman-330902,4,0,21,1,5.25,8,0,0,0,0
Bangladesh Vs Pakistan,Pakistan,Ebadot Hossain,https://www.espncricinfo.com/cricketers/ebadot-hossain-932355,3.1,0,25,1,7.89,7,1,1,0,1
Netherlands Vs South Africa,Netherlands,Wayne Parnell,https://www.espncricinfo.com/cricketers/wayne-parnell-265564,4,0,32,0,8.00,10,2,2,1,0
Netherlands Vs South Africa,Netherlands,Kagiso Rabada,https://www.espncricinfo.com/cricketers/kagiso-rabada-550215,3,0,37,0,12.33,6,7,0,0,0
Netherlands Vs South Africa,Netherlands,Lungi Ngidi,https://www.espncricinfo.com/cricketers/lungi-ngidi-542023,3,0,35,0,11.66,3,5,0,0,0
Netherlands Vs South Africa,Netherlands,Anrich Nortje,https://www.espncricinfo.com/cricketers/anrich-nortje-481979,4,0,10,1,2.50,14,0,0,0,0
Netherlands Vs South Africa,Netherlands,Keshav Maharaj,https://www.espncricinfo.com/cricketers/keshav-maharaj-267724,4,0,27,2,6.75,12,1,2,0,0
Netherlands Vs South Africa,Netherlands,Aiden Markram,https://www.espncricinfo.com/cricketers/aiden-markram-600498,2,0,16,1,8.00,3,0,1,1,0
Netherlands Vs South Africa,South Africa,Fred Klaassen,https://www.espncricinfo.com/cricketers/fred-klaassen-1104703,4,0,20,2,5.00,15,3,0,0,0
Netherlands Vs South Africa,South Africa,Paul van Meekeren,https://www.espncricinfo.com/cricketers/paul-van-meekeren-348109,3,0,33,1,11.00,5,1,2,1,1
Netherlands Vs South Africa,South Africa,Colin Ackermann,https://www.espncricinfo.com/cricketers/colin-ackermann-379774,3,0,16,0,5.33,6,1,0,0,0
Netherlands Vs South Africa,South Africa,Roelof van der Merwe,https://www.espncricinfo.com/cricketers/roelof-van-der-merwe-47850,2,0,19,0,9.50,2,2,0,0,0
Netherlands Vs South Africa,South Africa,Brandon Glover,https://www.espncricinfo.com/cricketers/brandon-glover-595419,2,0,9,3,4.50,5,0,0,1,0
Netherlands Vs South Africa,South Africa,Logan van Beek,https://www.espncricinfo.com/cricketers/logan-van-beek-440522,3,0,23,0,7.66,4,1,1,0,0
Netherlands Vs South Africa,South Africa,Bas de Leede,https://www.espncricinfo.com/cricketers/bas-de-leede-1036191,3,0,25,2,8.33,4,1,0,1,2
England Vs Sri Lanka,England,Ben Stokes,https://www.espncricinfo.com/cricketers/ben-stokes-311158,3,0,24,1,8.00,8,1,2,0,0
England Vs Sri Lanka,England,Chris Woakes,https://www.espncricinfo.com/cricketers/chris-woakes-247235,3,0,24,1,8.00,5,3,0,1,0
England Vs Sri Lanka,England,Mark Wood,https://www.espncricinfo.com/cricketers/mark-wood-351588,3,0,26,3,8.66,8,1,2,1,0
England Vs Sri Lanka,England,Sam Curran,https://www.espncricinfo.com/cricketers/sam-curran-662973,4,0,27,1,6.75,10,2,1,0,0
England Vs Sri Lanka,England,Adil Rashid,https://www.espncricinfo.com/cricketers/adil-rashid-244497,4,0,16,1,4.00,11,0,0,0,0
England Vs Sri Lanka,England,Liam Livingstone,https://www.espncricinfo.com/cricketers/liam-livingstone-403902,2,0,16,0,8.00,2,0,1,0,0
England Vs Sri Lanka,England,Moeen Ali,https://www.espncricinfo.com/cricketers/moeen-ali-8917,1,0,5,0,5.00,1,0,0,0,0
England Vs Sri Lanka,Sri Lanka,Maheesh Theekshana,https://www.espncricinfo.com/cricketers/maheesh-theekshana-1138316,4,0,22,0,5.50,11,1,0,1,0
England Vs Sri Lanka,Sri Lanka,Kasun Rajitha,https://www.espncricinfo.com/cricketers/kasun-rajitha-499594,3,0,40,0,13.33,4,5,1,2,0
England Vs Sri Lanka,Sri Lanka,Lahiru Kumara,https://www.espncricinfo.com/cricketers/lahiru-kumara-784375,3.4,0,24,2,6.54,11,3,0,0,1
England Vs Sri Lanka,Sri Lanka,Wanindu Hasaranga,https://www.espncricinfo.com/cricketers/wanindu-hasaranga-784379,4,0,23,2,5.75,11,1,1,0,0
England Vs Sri Lanka,Sri Lanka,Dhananjaya de Silva,https://www.espncricinfo.com/cricketers/dhananjaya-de-silva-465793,4,0,24,2,6.00,7,1,0,0,0
England Vs Sri Lanka,Sri Lanka,Charith Asalanka,https://www.espncricinfo.com/cricketers/charith-asalanka-784367,1,0,8,0,8.00,1,1,0,0,0
Australia Vs Afghanistan,Australia,Fazalhaq Farooqi,https://www.espncricinfo.com/cricketers/fazalhaq-farooqi-974175,4,0,29,2,7.25,13,4,1,0,0
Australia Vs Afghanistan,Australia,Mujeeb Ur Rahman,https://www.espncricinfo.com/cricketers/mujeeb-ur-rahman-974109,4,0,42,1,10.50,5,4,1,1,0
Australia Vs Afghanistan,Australia,Naveen-ul-Haq,https://www.espncricinfo.com/cricketers/naveen-ul-haq-793447,4,0,21,3,5.25,11,2,0,0,0
Australia Vs Afghanistan,Australia,Gulbadin Naib,https://www.espncricinfo.com/cricketers/gulbadin-naib-352048,3,0,31,0,10.33,6,3,2,0,0
Australia Vs Afghanistan,Australia,Rashid Khan,https://www.espncricinfo.com/cricketers/rashid-khan-793463,4,0,29,1,7.25,9,2,1,1,0
Australia Vs Afghanistan,Australia,Mohammad Nabi,https://www.espncricinfo.com/cricketers/mohammad-nabi-25913,1,0,14,0,14.00,1,1,1,0,0
Australia Vs Afghanistan,Afghanistan,Josh Hazlewood,https://www.espncricinfo.com/cricketers/josh-hazlewood-288284,4,0,33,2,8.25,13,2,3,0,0
Australia Vs Afghanistan,Afghanistan,Pat Cummins,https://www.espncricinfo.com/cricketers/pat-cummins-489889,4,0,22,0,5.50,12,2,0,0,0
Australia Vs Afghanistan,Afghanistan,Marcus Stoinis,https://www.espncricinfo.com/cricketers/marcus-stoinis-325012,2,0,26,0,13.00,2,2,1,2,0
Australia Vs Afghanistan,Afghanistan,Kane Richardson,https://www.espncricinfo.com/cricketers/kane-richardson-272262,4,0,48,1,12.00,4,3,3,1,0
Australia Vs Afghanistan,Afghanistan,Adam Zampa,https://www.espncricinfo.com/cricketers/adam-zampa-379504,4,0,22,2,5.50,11,1,0,0,0
Australia Vs Afghanistan,Afghanistan,Cameron Green,https://www.espncricinfo.com/cricketers/cameron-green-1076713,2,0,13,0,6.50,7,1,1,0,0
Ireland Vs New Zealand,Ireland,Josh Little,https://www.espncricinfo.com/cricketers/josh-little-928067,4,0,22,3,5.50,10,2,0,1,0
Ireland Vs New Zealand,Ireland,Mark Adair,https://www.espncricinfo.com/cricketers/mark-adair-526441,4,0,39,1,9.75,9,3,1,3,0
Ireland Vs New Zealand,Ireland,Barry McCarthy,https://www.espncricinfo.com/cricketers/barry-mccarthy-348059,4,0,46,0,11.50,4,4,2,0,0
Ireland Vs New Zealand,Ireland,Gareth Delany,https://www.espncricinfo.com/cricketers/gareth-delany-1099379,4,0,30,2,7.50,11,3,1,1,0
Ireland Vs New Zealand,Ireland,Fionn Hand,https://www.espncricinfo.com/cricketers/fionn-hand-1099225,2,0,22,0,11.00,2,2,1,0,0
Ireland Vs New Zealand,Ireland,George Dockrell,https://www.espncricinfo.com/cricketers/george-dockrell-348034,2,0,18,0,9.00,4,2,0,2,0
Ireland Vs New Zealand,New Zealand,Trent Boult,https://www.espncricinfo.com/cricketers/trent-boult-277912,4,0,38,0,9.50,8,4,1,0,0
Ireland Vs New Zealand,New Zealand,Tim Southee,https://www.espncricinfo.com/cricketers/tim-southee-232364,4,0,29,2,7.25,8,2,1,0,0
Ireland Vs New Zealand,New Zealand,Lockie Ferguson,https://www.espncricinfo.com/cricketers/lockie-ferguson-493773,4,0,22,3,5.50,10,1,0,0,0
Ireland Vs New Zealand,New Zealand,Mitchell Santner,https://www.espncricinfo.com/cricketers/mitchell-santner-502714,4,0,26,2,6.50,12,3,1,0,0
Ireland Vs New Zealand,New Zealand,Ish Sodhi,https://www.espncricinfo.com/cricketers/ish-sodhi-559066,4,0,31,2,7.75,10,0,2,1,0
Pakistan Vs South Africa,Pakistan,Wayne Parnell,https://www.espncricinfo.com/cricketers/wayne-parnell-265564,4,0,31,1,7.75,10,3,1,0,0
Pakistan Vs South Africa,Pakistan,Kagiso Rabada,https://www.espncricinfo.com/cricketers/kagiso-rabada-550215,4,0,44,1,11.00,7,4,2,0,0
Pakistan Vs South Africa,Pakistan,Lungi Ngidi,https://www.espncricinfo.com/cricketers/lungi-ngidi-542023,4,0,32,1,8.00,11,3,1,2,0
Pakistan Vs South Africa,Pakistan,Anrich Nortje,https://www.espncricinfo.com/cricketers/anrich-nortje-481979,4,0,41,4,10.25,11,1,4,0,1
Pakistan Vs South Africa,Pakistan,Tabraiz Shamsi,https://www.espncricinfo.com/cricketers/tabraiz-shamsi-379145,4,0,36,1,9.00,8,2,2,2,0
Pakistan Vs South Africa,South Africa,Shaheen Shah Afridi,https://www.espncricinfo.com/cricketers/shaheen-shah-afridi-1072470,3,0,14,3,4.66,11,2,0,0,0
Pakistan Vs South Africa,South Africa,Naseem Shah,https://www.espncricinfo.com/cricketers/naseem-shah-1158088,3,0,19,1,6.33,10,1,1,1,0
Pakistan Vs South Africa,South Africa,Haris Rauf,https://www.espncricinfo.com/cricketers/haris-rauf-1161606,3,0,44,1,14.66,2,7,1,1,0
Pakistan Vs South Africa,South Africa,Mohammad Wasim,https://www.espncricinfo.com/cricketers/mohammad-wasim-1185538,2,0,13,1,6.50,3,1,0,0,0
Pakistan Vs South Africa,South Africa,Shadab Khan,https://www.espncricinfo.com/cricketers/shadab-khan-922943,2,0,16,2,8.00,5,1,1,0,0
Pakistan Vs South Africa,South Africa,Mohammad Nawaz,https://www.espncricinfo.com/cricketers/mohammad-nawaz-348148,1,0,2,0,2.00,4,0,0,0,0
Bangladesh Vs India,Bangladesh,Taskin Ahmed,https://www.espncricinfo.com/cricketers/taskin-ahmed-538506,4,0,15,0,3.75,16,2,0,0,0
Bangladesh Vs India,Bangladesh,Shoriful Islam,https://www.espncricinfo.com/cricketers/shoriful-islam-990039,4,0,57,0,14.25,7,4,4,2,2
Bangladesh Vs India,Bangladesh,Hasan Mahmud,https://www.espncricinfo.com/cricketers/hasan-mahmud-926629,4,0,47,3,11.75,7,6,2,0,1
Bangladesh Vs India,Bangladesh,Mustafizur Rahman,https://www.espncricinfo.com/cricketers/mustafizur-rahman-330902,4,0,31,0,7.75,9,4,0,0,0
Bangladesh Vs India,Bangladesh,Shakib Al Hasan,https://www.espncricinfo.com/cricketers/shakib-al-hasan-56143,4,0,33,2,8.25,3,2,0,0,0
Bangladesh Vs India,India,Bhuvneshwar Kumar,https://www.espncricinfo.com/cricketers/bhuvneshwar-kumar-326016,3,0,27,0,9.00,7,2,2,0,0
Bangladesh Vs India,India,Arshdeep Singh,https://www.espncricinfo.com/cricketers/arshdeep-singh-1125976,4,0,38,2,9.50,10,5,1,0,0
Bangladesh Vs India,India,Mohammed Shami,https://www.espncricinfo.com/cricketers/mohammed-shami-481896,3,0,25,1,8.33,7,2,1,0,0
Bangladesh Vs India,India,Axar Patel,https://www.espncricinfo.com/cricketers/axar-patel-554691,1,0,6,0,6.00,2,0,0,0,0
Bangladesh Vs India,India,Ravichandran Ashwin,https://www.espncricinfo.com/cricketers/ravichandran-ashwin-26421,2,0,19,0,9.50,4,3,0,1,0
Bangladesh Vs India,India,Hardik Pandya,https://www.espncricinfo.com/cricketers/hardik-pandya-625371,3,0,28,2,9.33,8,1,3,0,0
Netherlands Vs Zimbabwe,Netherlands,Fred Klaassen,https://www.espncricinfo.com/cricketers/fred-klaassen-1104703,4,0,17,1,4.25,17,0,1,2,0
Netherlands Vs Zimbabwe,Netherlands,Paul van Meekeren,https://www.espncricinfo.com/cricketers/paul-van-meekeren-348109,4,0,29,3,7.25,13,3,0,2,0
Netherlands Vs Zimbabwe,Netherlands,Brandon Glover,https://www.espncricinfo.com/cricketers/brandon-glover-595419,4,1,29,2,7.25,15,2,2,2,0
Netherlands Vs Zimbabwe,Netherlands,Logan van Beek,https://www.espncricinfo.com/cricketers/logan-van-beek-440522,2.2,0,17,2,7.28,8,1,1,1,0
Netherlands Vs Zimbabwe,Netherlands,Bas de Leede,https://www.espncricinfo.com/cricketers/bas-de-leede-1036191,4,0,14,2,3.50,11,0,0,0,0
Netherlands Vs Zimbabwe,Netherlands,Roelof van der Merwe,https://www.espncricinfo.com/cricketers/roelof-van-der-merwe-47850,1,0,8,0,8.00,2,1,0,0,0
Netherlands Vs Zimbabwe,Zimbabwe,Tendai Chatara,https://www.espncricinfo.com/cricketers/tendai-chatara-425639,4,0,22,0,5.50,14,4,0,0,0
Netherlands Vs Zimbabwe,Zimbabwe,Richard Ngarava,https://www.espncricinfo.com/cricketers/richard-ngarava-806241,4,0,18,2,4.50,15,1,1,0,0
Netherlands Vs Zimbabwe,Zimbabwe,Blessing Muzarabani,https://www.espncricinfo.com/cricketers/blessing-muzarabani-827051,4,0,23,2,5.75,14,2,1,1,0
Netherlands Vs Zimbabwe,Zimbabwe,Sean Williams,https://www.espncricinfo.com/cricketers/sean-williams-55870,3,0,21,0,7.00,8,2,1,0,0
Netherlands Vs Zimbabwe,Zimbabwe,Sikandar Raza,https://www.espncricinfo.com/cricketers/sikandar-raza-299572,1,0,6,0,6.00,0,0,0,0,0
Netherlands Vs Zimbabwe,Zimbabwe,Luke Jongwe,https://www.espncricinfo.com/cricketers/luke-jongwe-541224,2,0,25,1,12.50,3,4,0,3,1
England Vs New Zealand,England,Trent Boult,https://www.espncricinfo.com/cricketers/trent-boult-277912,4,0,40,0,10.00,8,4,1,1,0
England Vs New Zealand,England,Tim Southee,https://www.espncricinfo.com/cricketers/tim-southee-232364,4,0,43,1,10.75,9,3,3,0,0
England Vs New Zealand,England,Mitchell Santner,https://www.espncricinfo.com/cricketers/mitchell-santner-502714,4,0,25,1,6.25,8,2,0,0,0
England Vs New Zealand,England,Lockie Ferguson,https://www.espncricinfo.com/cricketers/lockie-ferguson-493773,4,0,45,2,11.25,6,4,2,0,1
England Vs New Zealand,England,Ish Sodhi,https://www.espncricinfo.com/cricketers/ish-sodhi-559066,4,0,23,1,5.75,10,2,0,0,0
England Vs New Zealand,New Zealand,Moeen Ali,https://www.espncricinfo.com/cricketers/moeen-ali-8917,1,0,4,0,4.00,3,0,0,0,0
England Vs New Zealand,New Zealand,Chris Woakes,https://www.espncricinfo.com/cricketers/chris-woakes-247235,4,0,33,2,8.25,9,1,2,1,0
England Vs New Zealand,New Zealand,Adil Rashid,https://www.espncricinfo.com/cricketers/adil-rashid-244497,4,0,33,0,8.25,6,0,2,0,0
England Vs New Zealand,New Zealand,Sam Curran,https://www.espncricinfo.com/cricketers/sam-curran-662973,4,0,26,2,6.50,9,0,0,2,0
England Vs New Zealand,New Zealand,Mark Wood,https://www.espncricinfo.com/cricketers/mark-wood-351588,3,0,25,1,8.33,8,2,1,1,0
England Vs New Zealand,New Zealand,Liam Livingstone,https://www.espncricinfo.com/cricketers/liam-livingstone-403902,3,0,26,0,8.66,4,3,0,0,0
England Vs New Zealand,New Zealand,Ben Stokes,https://www.espncricinfo.com/cricketers/ben-stokes-311158,1,0,10,1,10.00,2,2,0,0,0
Afghanistan Vs Sri Lanka,Afghanistan,Kasun Rajitha,https://www.espncricinfo.com/cricketers/kasun-rajitha-499594,4,0,31,1,7.75,11,2,1,1,1
Afghanistan Vs Sri Lanka,Afghanistan,Pramod Madushan,https://www.espncricinfo.com/cricketers/pramod-madushan-826689,3,0,24,0,8.00,7,2,1,0,0
Afghanistan Vs Sri Lanka,Afghanistan,Lahiru Kumara,https://www.espncricinfo.com/cricketers/lahiru-kumara-784375,4,0,30,2,7.50,12,2,1,4,0
Afghanistan Vs Sri Lanka,Afghanistan,Maheesh Theekshana,https://www.espncricinfo.com/cricketers/maheesh-theekshana-1138316,4,0,33,0,8.25,5,1,1,1,0
Afghanistan Vs Sri Lanka,Afghanistan,Wanindu Hasaranga,https://www.espncricinfo.com/cricketers/wanindu-hasaranga-784379,4,0,13,3,3.25,12,0,0,0,0
Afghanistan Vs Sri Lanka,Afghanistan,Dhananjaya de Silva,https://www.espncricinfo.com/cricketers/dhananjaya-de-silva-465793,1,0,9,1,9.00,1,1,0,0,0
Afghanistan Vs Sri Lanka,Sri Lanka,Fazalhaq Farooqi,https://www.espncricinfo.com/cricketers/fazalhaq-farooqi-974175,3.3,1,22,0,6.28,11,3,0,1,0
Afghanistan Vs Sri Lanka,Sri Lanka,Mujeeb Ur Rahman,https://www.espncricinfo.com/cricketers/mujeeb-ur-rahman-974109,4,0,24,2,6.00,12,3,0,0,0
Afghanistan Vs Sri Lanka,Sri Lanka,Fareed Ahmad,https://www.espncricinfo.com/cricketers/fareed-ahmad-568136,2,0,25,0,12.50,3,3,1,1,0
Afghanistan Vs Sri Lanka,Sri Lanka,Rashid Khan,https://www.espncricinfo.com/cricketers/rashid-khan-793463,4,0,31,2,7.75,10,2,1,1,0
Afghanistan Vs Sri Lanka,Sri Lanka,Azmatullah Omarzai,https://www.espncricinfo.com/cricketers/azmatullah-omarzai-819429,2,0,17,0,8.50,2,1,0,1,0
Afghanistan Vs Sri Lanka,Sri Lanka,Mohammad Nabi,https://www.espncricinfo.com/cricketers/mohammad-nabi-25913,2,0,16,0,8.00,2,0,1,0,0
Afghanistan Vs Sri Lanka,Sri Lanka,Gulbadin Naib,https://www.espncricinfo.com/cricketers/gulbadin-naib-352048,1,0,12,0,12.00,1,2,0,0,0
Australia Vs Ireland,Australia,Josh Little,https://www.espncricinfo.com/cricketers/josh-little-928067,4,0,21,2,5.25,13,2,0,2,0
Australia Vs Ireland,Australia,Mark Adair,https://www.espncricinfo.com/cricketers/mark-adair-526441,4,0,59,0,14.75,6,7,2,6,0
Australia Vs Ireland,Australia,Barry McCarthy,https://www.espncricinfo.com/cricketers/barry-mccarthy-348059,4,0,29,3,7.25,7,2,0,1,0
Australia Vs Ireland,Australia,Gareth Delany,https://www.espncricinfo.com/cricketers/gareth-delany-1099379,3,0,29,0,9.66,10,2,2,2,0
Australia Vs Ireland,Australia,Fionn Hand,https://www.espncricinfo.com/cricketers/fionn-hand-1099225,1,0,15,0,15.00,2,0,2,1,0
Australia Vs Ireland,Australia,George Dockrell,https://www.espncricinfo.com/cricketers/george-dockrell-348034,4,0,24,0,6.00,8,0,1,0,0
Australia Vs Ireland,Ireland,Josh Hazlewood,https://www.espncricinfo.com/cricketers/josh-hazlewood-288284,3,0,24,0,8.00,8,1,2,1,0
Australia Vs Ireland,Ireland,Pat Cummins,https://www.espncricinfo.com/cricketers/pat-cummins-489889,4,0,28,2,7.00,14,3,1,1,0
Australia Vs Ireland,Ireland,Glenn Maxwell,https://www.espncricinfo.com/cricketers/glenn-maxwell-325026,2.1,0,14,2,6.46,6,2,0,0,0
Australia Vs Ireland,Ireland,Mitchell Starc,https://www.espncricinfo.com/cricketers/mitchell-starc-311592,4,1,43,2,10.75,11,8,0,2,1
Australia Vs Ireland,Ireland,Adam Zampa,https://www.espncricinfo.com/cricketers/adam-zampa-379504,4,0,19,2,4.75,9,1,0,0,0
Australia Vs Ireland,Ireland,Marcus Stoinis,https://www.espncricinfo.com/cricketers/marcus-stoinis-325012,1,0,6,1,6.00,2,0,0,0,0
India Vs South Africa,India,Wayne Parnell,https://www.espncricinfo.com/cricketers/wayne-parnell-265564,4,1,15,3,3.75,16,0,1,0,0
India Vs South Africa,India,Kagiso Rabada,https://www.espncricinfo.com/cricketers/kagiso-rabada-550215,4,0,26,0,6.50,13,2,1,1,0
India Vs South Africa,India,Lungi Ngidi,https://www.espncricinfo.com/cricketers/lungi-ngidi-542023,4,0,29,4,7.25,10,3,1,0,0
India Vs South Africa,India,Anrich Nortje,https://www.espncricinfo.com/cricketers/anrich-nortje-481979,4,0,23,1,5.75,12,1,1,0,0
India Vs South Africa,India,Keshav Maharaj,https://www.espncricinfo.com/cricketers/keshav-maharaj-267724,3,0,28,0,9.33,5,3,1,0,0
India Vs South Africa,India,Aiden Markram,https://www.espncricinfo.com/cricketers/aiden-markram-600498,1,0,5,0,5.00,1,0,0,0,0
India Vs South Africa,South Africa,Bhuvneshwar Kumar,https://www.espncricinfo.com/cricketers/bhuvneshwar-kumar-326016,3.4,0,21,0,5.72,13,2,1,0,0
India Vs South Africa,South Africa,Arshdeep Singh,https://www.espncricinfo.com/cricketers/arshdeep-singh-1125976,4,0,25,2,6.25,13,4,0,1,0
India Vs South Africa,South Africa,Mohammed Shami,https://www.espncricinfo.com/cricketers/mohammed-shami-481896,4,0,13,1,3.25,15,1,0,0,0
India Vs South Africa,South Africa,Hardik Pandya,https://www.espncricinfo.com/cricketers/hardik-pandya-625371,4,0,29,1,7.25,8,3,0,0,0
India Vs South Africa,South Africa,Ravichandran Ashwin,https://www.espncricinfo.com/cricketers/ravichandran-ashwin-26421,4,0,43,1,10.75,5,1,4,0,0
Netherlands Vs Pakistan,Netherlands,Shaheen Shah Afridi,https://www.espncricinfo.com/cricketers/shaheen-shah-afridi-1072470,4,0,19,1,4.75,13,1,0,1,0
Netherlands Vs Pakistan,Netherlands,Naseem Shah,https://www.espncricinfo.com/cricketers/naseem-shah-1158088,4,0,11,1,2.75,15,0,0,0,0
Netherlands Vs Pakistan,Netherlands,Mohammad Wasim,https://www.espncricinfo.com/cricketers/mohammad-wasim-1185538,3,0,15,2,5.00,10,1,0,1,0
Netherlands Vs Pakistan,Netherlands,Haris Rauf,https://www.espncricinfo.com/cricketers/haris-rauf-1161606,3,0,10,1,3.33,11,1,0,0,0
Netherlands Vs Pakistan,Netherlands,Shadab Khan,https://www.espncricinfo.com/cricketers/shadab-khan-922943,4,0,22,3,5.50,11,2,0,0,0
Netherlands Vs Pakistan,Netherlands,Mohammad Nawaz,https://www.espncricinfo.com/cricketers/mohammad-nawaz-348148,2,0,11,0,5.50,3,0,0,0,0
Netherlands Vs Pakistan,Pakistan,Fred Klaassen,https://www.espncricinfo.com/cricketers/fred-klaassen-1104703,3,0,26,0,8.66,4,3,0,0,0
Netherlands Vs Pakistan,Pakistan,Paul van Meekeren,https://www.espncricinfo.com/cricketers/paul-van-meekeren-348109,4,0,19,1,4.75,15,2,0,0,0
Netherlands Vs Pakistan,Pakistan,Brandon Glover,https://www.espncricinfo.com/cricketers/brandon-glover-595419,2.5,0,22,2,7.76,9,3,0,0,0
Netherlands Vs Pakistan,Pakistan,Tim Pringle,https://www.espncricinfo.com/cricketers/tim-pringle-1193548,1,0,12,0,12.00,1,2,0,0,0
Netherlands Vs Pakistan,Pakistan,Logan van Beek,https://www.espncricinfo.com/cricketers/logan-van-beek-440522,2,0,9,0,4.50,5,0,0,0,0
Netherlands Vs Pakistan,Pakistan,Roelof van der Merwe,https://www.espncricinfo.com/cricketers/roelof-van-der-merwe-47850,1,0,7,0,7.00,1,0,0,0,0
Bangladesh Vs Zimbabwe,Bangladesh,Richard Ngarava,https://www.espncricinfo.com/cricketers/richard-ngarava-806241,4,0,24,2,6.00,11,2,0,2,0
Bangladesh Vs Zimbabwe,Bangladesh,Blessing Muzarabani,https://www.espncricinfo.com/cricketers/blessing-muzarabani-827051,2,0,13,2,6.50,8,3,0,0,0
Bangladesh Vs Zimbabwe,Bangladesh,Tendai Chatara,https://www.espncricinfo.com/cricketers/tendai-chatara-425639,3,0,18,0,6.00,7,1,0,0,0
Bangladesh Vs Zimbabwe,Bangladesh,Sikandar Raza,https://www.espncricinfo.com/cricketers/sikandar-raza-299572,4,0,35,1,8.75,2,2,1,0,0
Bangladesh Vs Zimbabwe,Bangladesh,Brad Evans,https://www.espncricinfo.com/cricketers/brad-evans-696127,3,0,32,0,10.66,2,3,1,1,0
Bangladesh Vs Zimbabwe,Bangladesh,Wessly Madhevere,https://www.espncricinfo.com/cricketers/wessly-madhevere-938959,2,0,18,0,9.00,0,1,0,0,0
Bangladesh Vs Zimbabwe,Bangladesh,Sean Williams,https://www.espncricinfo.com/cricketers/sean-williams-55870,2,0,10,1,5.00,4,0,0,1,0
Bangladesh Vs Zimbabwe,Zimbabwe,Taskin Ahmed,https://www.espncricinfo.com/cricketers/taskin-ahmed-538506,4,1,19,3,4.75,15,3,0,0,0
Bangladesh Vs Zimbabwe,Zimbabwe,Hasan Mahmud,https://www.espncricinfo.com/cricketers/hasan-mahmud-926629,4,0,36,0,9.00,8,5,0,3,0
Bangladesh Vs Zimbabwe,Zimbabwe,Mosaddek Hossain,https://www.espncricinfo.com/cricketers/mosaddek-hossain-550133,4,0,34,2,8.50,11,3,2,0,1
Bangladesh Vs Zimbabwe,Zimbabwe,Mustafizur Rahman,https://www.espncricinfo.com/cricketers/mustafizur-rahman-330902,4,0,15,2,3.75,11,0,0,0,0
Bangladesh Vs Zimbabwe,Zimbabwe,Shakib Al Hasan,https://www.espncricinfo.com/cricketers/shakib-al-hasan-56143,4,0,34,0,8.50,5,3,0,0,0
New Zealand Vs Sri Lanka,New Zealand,Maheesh Theekshana,https://www.espncricinfo.com/cricketers/maheesh-theekshana-1138316,4,0,35,1,8.75,7,2,2,1,0
New Zealand Vs Sri Lanka,New Zealand,Kasun Rajitha,https://www.espncricinfo.com/cricketers/kasun-rajitha-499594,4,0,23,2,5.75,16,3,0,1,2
New Zealand Vs Sri Lanka,New Zealand,Dhananjaya de Silva,https://www.espncricinfo.com/cricketers/dhananjaya-de-silva-465793,2,0,14,1,7.00,4,1,0,0,0
New Zealand Vs Sri Lanka,New Zealand,Wanindu Hasaranga,https://www.espncricinfo.com/cricketers/wanindu-hasaranga-784379,4,0,22,1,5.50,9,1,0,0,0
New Zealand Vs Sri Lanka,New Zealand,Lahiru Kumara,https://www.espncricinfo.com/cricketers/lahiru-kumara-784375,3,0,37,1,12.33,2,2,2,2,1
New Zealand Vs Sri Lanka,New Zealand,Chamika Karunaratne,https://www.espncricinfo.com/cricketers/chamika-karunaratne-623695,3,0,34,0,11.33,5,3,1,1,0
New Zealand Vs Sri Lanka,Sri Lanka,Tim Southee,https://www.espncricinfo.com/cricketers/tim-southee-232364,4,1,12,1,3.00,18,0,1,1,0
New Zealand Vs Sri Lanka,Sri Lanka,Trent Boult,https://www.espncricinfo.com/cricketers/trent-boult-277912,4,0,13,4,3.25,18,1,0,1,0
New Zealand Vs Sri Lanka,Sri Lanka,Lockie Ferguson,https://www.espncricinfo.com/cricketers/lockie-ferguson-493773,4,0,35,1,8.75,11,4,1,3,0
New Zealand Vs Sri Lanka,Sri Lanka,Mitchell Santner,https://www.espncricinfo.com/cricketers/mitchell-santner-502714,4,0,21,2,5.25,13,3,0,0,0
New Zealand Vs Sri Lanka,Sri Lanka,Ish Sodhi,https://www.espncricinfo.com/cricketers/ish-sodhi-559066,3.2,0,21,2,6.30,11,2,1,1,0
Pakistan Vs Zimbabwe,Pakistan,Shaheen Shah Afridi,https://www.espncricinfo.com/cricketers/shaheen-shah-afridi-1072470,4,0,29,0,7.25,9,3,0,0,0
Pakistan Vs Zimbabwe,Pakistan,Naseem Shah,https://www.espncricinfo.com/cricketers/naseem-shah-1158088,4,0,34,0,8.50,7,4,0,2,0
Pakistan Vs Zimbabwe,Pakistan,Mohammad Wasim,https://www.espncricinfo.com/cricketers/mohammad-wasim-1185538,4,0,24,4,6.00,16,2,1,4,0
Pakistan Vs Zimbabwe,Pakistan,Haris Rauf,https://www.espncricinfo.com/cricketers/haris-rauf-1161606,4,1,12,1,3.00,15,0,0,0,0
Pakistan Vs Zimbabwe,Pakistan,Shadab Khan,https://www.espncricinfo.com/cricketers/shadab-khan-922943,4,0,23,3,5.75,8,1,0,0,0
Pakistan Vs Zimbabwe,Zimbabwe,Richard Ngarava,https://www.espncricinfo.com/cricketers/richard-ngarava-806241,4,0,24,0,6.00,15,2,1,2,0
Pakistan Vs Zimbabwe,Zimbabwe,Blessing Muzarabani,https://www.espncricinfo.com/cricketers/blessing-muzarabani-827051,4,0,18,1,4.50,11,1,0,0,0
Pakistan Vs Zimbabwe,Zimbabwe,Brad Evans,https://www.espncricinfo.com/cricketers/brad-evans-696127,4,0,25,2,6.25,12,2,1,0,0
Pakistan Vs Zimbabwe,Zimbabwe,Sikandar Raza,https://www.espncricinfo.com/cricketers/sikandar-raza-299572,4,0,25,3,6.25,13,2,1,2,0
Pakistan Vs Zimbabwe,Zimbabwe,Luke Jongwe,https://www.espncricinfo.com/cricketers/luke-jongwe-541224,1,0,10,1,10.00,2,2,0,0,0
Pakistan Vs Zimbabwe,Zimbabwe,Sean Williams,https://www.espncricinfo.com/cricketers/sean-williams-55870,2,0,15,0,7.50,1,0,0,1,0
Pakistan Vs Zimbabwe,Zimbabwe,Ryan Burl,https://www.espncricinfo.com/cricketers/ryan-burl-495964,1,0,7,0,7.00,0,0,0,0,0
India Vs Netherlands,India,Fred Klaassen,https://www.espncricinfo.com/cricketers/fred-klaassen-1104703,4,0,33,1,8.25,9,2,1,2,0
India Vs Netherlands,India,Tim Pringle,https://www.espncricinfo.com/cricketers/tim-pringle-1193548,4,0,30,0,7.50,6,3,0,0,0
India Vs Netherlands,India,Paul van Meekeren,https://www.espncricinfo.com/cricketers/paul-van-meekeren-348109,4,0,32,1,8.00,9,3,1,0,0
India Vs Netherlands,India,Bas de Leede,https://www.espncricinfo.com/cricketers/bas-de-leede-1036191,3,0,33,0,11.00,6,5,1,1,0
India Vs Netherlands,India,Logan van Beek,https://www.espncricinfo.com/cricketers/logan-van-beek-440522,4,0,45,0,11.25,3,2,3,0,0
India Vs Netherlands,India,Shariz Ahmad,https://www.espncricinfo.com/cricketers/shariz-ahmad-1278252,1,0,5,0,5.00,2,0,0,0,0
India Vs Netherlands,Netherlands,Bhuvneshwar Kumar,https://www.espncricinfo.com/cricketers/bhuvneshwar-kumar-326016,3,2,9,2,3.00,14,1,0,0,0
India Vs Netherlands,Netherlands,Arshdeep Singh,https://www.espncricinfo.com/cricketers/arshdeep-singh-1125976,4,0,37,2,9.25,9,6,0,1,1
India Vs Netherlands,Netherlands,Mohammed Shami,https://www.espncricinfo.com/cricketers/mohammed-shami-481896,4,0,27,1,6.75,10,2,0,0,0
India Vs Netherlands,Netherlands,Axar Patel,https://www.espncricinfo.com/cricketers/axar-patel-554691,4,0,18,2,4.50,11,0,0,0,0
India Vs Netherlands,Netherlands,Hardik Pandya,https://www.espncricinfo.com/cricketers/hardik-pandya-625371,1,0,9,0,9.00,1,0,0,1,0
India Vs Netherlands,Netherlands,Ravichandran Ashwin,https://www.espncricinfo.com/cricketers/ravichandran-ashwin-26421,4,0,21,2,5.25,13,1,1,1,0
Bangladesh Vs South Africa,Bangladesh,Taskin Ahmed,https://www.espncricinfo.com/cricketers/taskin-ahmed-538506,3,0,46,1,15.33,7,6,2,0,3
Bangladesh Vs South Africa,Bangladesh,Mehidy Hasan Miraz,https://www.espncricinfo.com/cricketers/mehidy-hasan-miraz-629063,3,0,32,0,10.66,4,2,2,0,0
Bangladesh Vs South Africa,Bangladesh,Hasan Mahmud,https://www.espncricinfo.com/cricketers/hasan-mahmud-926629,4,0,36,1,9.00,11,3,2,2,0
Bangladesh Vs South Africa,Bangladesh,Mustafizur Rahman,https://www.espncricinfo.com/cricketers/mustafizur-rahman-330902,4,0,25,0,6.25,7,1,1,0,0
Bangladesh Vs South Africa,Bangladesh,Mosaddek Hossain,https://www.espncricinfo.com/cricketers/mosaddek-hossain-550133,2,0,16,0,8.00,5,1,1,0,0
Bangladesh Vs South Africa,Bangladesh,Shakib Al Hasan,https://www.espncricinfo.com/cricketers/shakib-al-hasan-56143,3,0,33,2,11.00,7,1,3,0,1
Bangladesh Vs South Africa,Bangladesh,Afif Hossain,https://www.espncricinfo.com/cricketers/afif-hossain-935995,1,0,11,1,11.00,1,2,0,0,0
Bangladesh Vs South Africa,South Africa,Kagiso Rabada,https://www.espncricinfo.com/cricketers/kagiso-rabada-550215,3,0,24,1,8.00,8,1,2,1,0
Bangladesh Vs South Africa,South Africa,Wayne Parnell,https://www.espncricinfo.com/cricketers/wayne-parnell-265564,2,0,18,0,9.00,3,0,1,1,0
Bangladesh Vs South Africa,South Africa,Anrich Nortje,https://www.espncricinfo.com/cricketers/anrich-nortje-481979,3.3,0,10,4,2.85,16,1,0,0,0
Bangladesh Vs South Africa,South Africa,Keshav Maharaj,https://www.espncricinfo.com/cricketers/keshav-maharaj-267724,4,0,24,1,6.00,6,1,0,0,0
Bangladesh Vs South Africa,South Africa,Tabraiz Shamsi,https://www.espncricinfo.com/cricketers/tabraiz-shamsi-379145,4,0,20,3,5.00,12,0,1,2,0
England Vs Ireland,England,Ben Stokes,https://www.espncricinfo.com/cricketers/ben-stokes-311158,2.2,0,8,1,3.42,7,0,0,0,0
England Vs Ireland,England,Chris Woakes,https://www.espncricinfo.com/cricketers/chris-woakes-247235,3,0,41,0,13.66,4,6,1,2,0
England Vs Ireland,England,Mark Wood,https://www.espncricinfo.com/cricketers/mark-wood-351588,4,0,34,3,8.50,13,4,1,2,0
England Vs Ireland,England,Sam Curran,https://www.espncricinfo.com/cricketers/sam-curran-662973,3,0,31,2,10.33,7,1,2,0,0
England Vs Ireland,England,Adil Rashid,https://www.espncricinfo.com/cricketers/adil-rashid-244497,4,0,24,0,6.00,6,1,0,0,0
England Vs Ireland,England,Liam Livingstone,https://www.espncricinfo.com/cricketers/liam-livingstone-403902,3,0,17,3,5.66,5,1,0,0,0
England Vs Ireland,Ireland,Josh Little,https://www.espncricinfo.com/cricketers/josh-little-928067,3,0,16,2,5.33,11,2,0,2,0
England Vs Ireland,Ireland,Mark Adair,https://www.espncricinfo.com/cricketers/mark-adair-526441,2,0,10,0,5.00,5,0,0,0,0
England Vs Ireland,Ireland,Barry McCarthy,https://www.espncricinfo.com/cricketers/barry-mccarthy-348059,3,0,20,1,6.66,7,1,0,3,0
England Vs Ireland,Ireland,Fionn Hand,https://www.espncricinfo.com/cricketers/fionn-hand-1099225,2,0,17,1,8.50,6,1,0,4,0
England Vs Ireland,Ireland,Gareth Delany,https://www.espncricinfo.com/cricketers/gareth-delany-1099379,3.3,0,33,0,9.42,5,3,1,1,0
England Vs Ireland,Ireland,George Dockrell,https://www.espncricinfo.com/cricketers/george-dockrell-348034,1,0,5,1,5.00,2,0,0,0,0
Australia Vs Sri Lanka,Australia,Josh Hazlewood,https://www.espncricinfo.com/cricketers/josh-hazlewood-288284,4,0,26,1,6.50,13,3,0,3,0
Australia Vs Sri Lanka,Australia,Pat Cummins,https://www.espncricinfo.com/cricketers/pat-cummins-489889,4,0,36,1,9.00,12,5,1,2,0
Australia Vs Sri Lanka,Australia,Mitchell Starc,https://www.espncricinfo.com/cricketers/mitchell-starc-311592,4,0,23,1,5.75,13,1,0,1,0
Australia Vs Sri Lanka,Australia,Ashton Agar,https://www.espncricinfo.com/cricketers/ashton-agar-505120,4,0,25,1,6.25,8,1,0,1,0
Australia Vs Sri Lanka,Australia,Marcus Stoinis,https://www.espncricinfo.com/cricketers/marcus-stoinis-325012,2,0,17,0,8.50,1,1,0,1,0
Australia Vs Sri Lanka,Australia,Mitchell Marsh,https://www.espncricinfo.com/cricketers/mitchell-marsh-272450,1,0,14,0,14.00,1,1,1,0,0
Australia Vs Sri Lanka,Australia,Glenn Maxwell,https://www.espncricinfo.com/cricketers/glenn-maxwell-325026,1,0,5,1,5.00,2,0,0,0,0
Australia Vs Sri Lanka,Sri Lanka,Binura Fernando,https://www.espncricinfo.com/cricketers/binura-fernando-629080,0.5,0,5,0,6.00,2,0,0,0,0
Australia Vs Sri Lanka,Sri Lanka,Dhananjaya de Silva,https://www.espncricinfo.com/cricketers/dhananjaya-de-silva-465793,2.1,0,18,1,8.30,4,1,1,0,0
Australia Vs Sri Lanka,Sri Lanka,Lahiru Kumara,https://www.espncricinfo.com/cricketers/lahiru-kumara-784375,3.3,0,22,0,6.28,15,0,1,3,0
Australia Vs Sri Lanka,Sri Lanka,Chamika Karunaratne,https://www.espncricinfo.com/cricketers/chamika-karunaratne-623695,3,0,20,1,6.66,6,1,0,1,0
Australia Vs Sri Lanka,Sri Lanka,Maheesh Theekshana,https://www.espncricinfo.com/cricketers/maheesh-theekshana-1138316,3,0,23,1,7.66,11,0,3,1,0
Australia Vs Sri Lanka,Sri Lanka,Wanindu Hasaranga,https://www.espncricinfo.com/cricketers/wanindu-hasaranga-784379,3,0,53,0,17.66,0,3,5,0,0
Australia Vs Sri Lanka,Sri Lanka,Dasun Shanaka,https://www.espncricinfo.com/cricketers/dasun-shanaka-437316,1,0,10,0,10.00,2,2,0,0,0
South Africa Vs Zimbabwe,South Africa,Kagiso Rabada,https://www.espncricinfo.com/cricketers/kagiso-rabada-550215,2,0,20,0,10.00,4,2,1,0,0
South Africa Vs Zimbabwe,South Africa,Wayne Parnell,https://www.espncricinfo.com/cricketers/wayne-parnell-265564,2,0,6,1,3.00,9,1,0,0,0
South Africa Vs Zimbabwe,South Africa,Lungi Ngidi,https://www.espncricinfo.com/cricketers/lungi-ngidi-542023,2,0,20,2,10.00,6,2,1,2,0
South Africa Vs Zimbabwe,South Africa,Keshav Maharaj,https://www.espncricinfo.com/cricketers/keshav-maharaj-267724,1,0,10,0,10.00,1,1,0,0,0
South Africa Vs Zimbabwe,South Africa,Anrich Nortje,https://www.espncricinfo.com/cricketers/anrich-nortje-481979,2,0,10,1,5.00,5,0,0,0,0
South Africa Vs Zimbabwe,Zimbabwe,Tendai Chatara,https://www.espncricinfo.com/cricketers/tendai-chatara-425639,1,0,23,0,23.00,0,4,1,0,0
South Africa Vs Zimbabwe,Zimbabwe,Richard Ngarava,https://www.espncricinfo.com/cricketers/richard-ngarava-806241,1,0,17,0,17.00,2,4,0,0,1
South Africa Vs Zimbabwe,Zimbabwe,Sikandar Raza,https://www.espncricinfo.com/cricketers/sikandar-raza-299572,1,0,11,0,11.00,1,0,0,0,1
Bangladesh Vs Netherlands,Bangladesh,Fred Klaassen,https://www.espncricinfo.com/cricketers/fred-klaassen-1104703,4,0,33,1,8.25,10,5,0,3,0
Bangladesh Vs Netherlands,Bangladesh,Colin Ackermann,https://www.espncricinfo.com/cricketers/colin-ackermann-379774,1,0,4,0,4.00,2,0,0,0,0
Bangladesh Vs Netherlands,Bangladesh,Paul van Meekeren,https://www.espncricinfo.com/cricketers/paul-van-meekeren-348109,4,0,21,2,5.25,10,1,0,0,0
Bangladesh Vs Netherlands,Bangladesh,Bas de Leede,https://www.espncricinfo.com/cricketers/bas-de-leede-1036191,3,0,29,2,9.66,9,3,1,3,0
Bangladesh Vs Netherlands,Bangladesh,Tim Pringle,https://www.espncricinfo.com/cricketers/tim-pringle-1193548,2,0,10,1,5.00,4,0,0,0,0
Bangladesh Vs Netherlands,Bangladesh,Shariz Ahmad,https://www.espncricinfo.com/cricketers/shariz-ahmad-1278252,3,0,27,1,9.00,5,1,2,0,0
Bangladesh Vs Netherlands,Bangladesh,Logan van Beek,https://www.espncricinfo.com/cricketers/logan-van-beek-440522,3,0,12,1,4.00,7,0,0,1,0
Bangladesh Vs Netherlands,Netherlands,Taskin Ahmed,https://www.espncricinfo.com/cricketers/taskin-ahmed-538506,4,0,25,4,6.25,16,5,0,0,0
Bangladesh Vs Netherlands,Netherlands,Hasan Mahmud,https://www.espncricinfo.com/cricketers/hasan-mahmud-926629,4,1,15,2,3.75,16,2,0,0,0
Bangladesh Vs Netherlands,Netherlands,Shakib Al Hasan,https://www.espncricinfo.com/cricketers/shakib-al-hasan-56143,4,0,32,1,8.00,6,0,2,1,0
Bangladesh Vs Netherlands,Netherlands,Mustafizur Rahman,https://www.espncricinfo.com/cricketers/mustafizur-rahman-330902,4,0,20,0,5.00,14,2,0,2,0
Bangladesh Vs Netherlands,Netherlands,Soumya Sarkar,https://www.espncricinfo.com/cricketers/soumya-sarkar-436677,3,0,29,1,9.66,5,2,1,1,0
Bangladesh Vs Netherlands,Netherlands,Mosaddek Hossain,https://www.espncricinfo.com/cricketers/mosaddek-hossain-550133,1,0,14,0,14.00,0,0,1,0,1
India Vs Pakistan,India,Bhuvneshwar Kumar,https://www.espncricinfo.com/cricketers/bhuvneshwar-kumar-326016,4,0,22,1,5.50,17,1,1,3,0
India Vs Pakistan,India,Arshdeep Singh,https://www.espncricinfo.com/cricketers/arshdeep-singh-1125976,4,0,32,3,8.00,10,3,1,1,0
India Vs Pakistan,India,Mohammed Shami,https://www.espncricinfo.com/cricketers/mohammed-shami-481896,4,0,25,1,6.25,14,4,0,1,0
India Vs Pakistan,India,Hardik Pandya,https://www.espncricinfo.com/cricketers/hardik-pandya-625371,4,0,30,3,7.50,10,4,0,0,0
India Vs Pakistan,India,Ravichandran Ashwin,https://www.espncricinfo.com/cricketers/ravichandran-ashwin-26421,3,0,23,0,7.66,5,0,1,1,0
India Vs Pakistan,India,Axar Patel,https://www.espncricinfo.com/cricketers/axar-patel-554691,1,0,21,0,21.00,2,0,3,0,0
India Vs Pakistan,Pakistan,Shaheen Shah Afridi,https://www.espncricinfo.com/cricketers/shaheen-shah-afridi-1072470,4,0,34,0,8.50,7,4,0,1,0
India Vs Pakistan,Pakistan,Naseem Shah,https://www.espncricinfo.com/cricketers/naseem-shah-1158088,4,0,23,1,5.75,10,1,0,0,0
India Vs Pakistan,Pakistan,Haris Rauf,https://www.espncricinfo.com/cricketers/haris-rauf-1161606,4,0,36,2,9.00,11,2,2,1,0
India Vs Pakistan,Pakistan,Shadab Khan,https://www.espncricinfo.com/cricketers/shadab-khan-922943,4,0,21,0,5.25,10,2,0,0,0
India Vs Pakistan,Pakistan,Mohammad Nawaz,https://www.espncricinfo.com/cricketers/mohammad-nawaz-348148,4,0,42,2,10.50,8,0,4,2,1
Ireland Vs Sri Lanka,Ireland,Binura Fernando,https://www.espncricinfo.com/cricketers/binura-fernando-629080,4,0,27,1,6.75,10,3,0,1,0
Ireland Vs Sri Lanka,Ireland,Lahiru Kumara,https://www.espncricinfo.com/cricketers/lahiru-kumara-784375,2,0,12,1,6.00,6,2,0,0,0
Ireland Vs Sri Lanka,Ireland,Maheesh Theekshana,https://www.espncricinfo.com/cricketers/maheesh-theekshana-1138316,4,0,19,2,4.75,8,1,0,0,0
Ireland Vs Sri Lanka,Ireland,Chamika Karunaratne,https://www.espncricinfo.com/cricketers/chamika-karunaratne-623695,4,0,29,1,7.25,7,2,1,0,0
Ireland Vs Sri Lanka,Ireland,Wanindu Hasaranga,https://www.espncricinfo.com/cricketers/wanindu-hasaranga-784379,4,0,25,2,6.25,6,0,1,0,0
Ireland Vs Sri Lanka,Ireland,Dhananjaya de Silva,https://www.espncricinfo.com/cricketers/dhananjaya-de-silva-465793,2,0,13,1,6.50,3,1,0,0,0
Ireland Vs Sri Lanka,Sri Lanka,Josh Little,https://www.espncricinfo.com/cricketers/josh-little-928067,4,0,45,0,11.25,5,4,1,1,0
Ireland Vs Sri Lanka,Sri Lanka,Mark Adair,https://www.espncricinfo.com/cricketers/mark-adair-526441,2,0,16,0,8.00,2,1,0,0,0
Ireland Vs Sri Lanka,Sri Lanka,Barry McCarthy,https://www.espncricinfo.com/cricketers/barry-mccarthy-348059,2,0,16,0,8.00,4,0,1,0,0
Ireland Vs Sri Lanka,Sri Lanka,Gareth Delany,https://www.espncricinfo.com/cricketers/gareth-delany-1099379,4,0,28,1,7.00,8,3,0,2,0
Ireland Vs Sri Lanka,Sri Lanka,Curtis Campher,https://www.espncricinfo.com/cricketers/curtis-campher-595921,1,0,8,0,8.00,2,1,0,0,0
Ireland Vs Sri Lanka,Sri Lanka,Simi Singh,https://www.espncricinfo.com/cricketers/simi-singh-1005257,2,0,20,0,10.00,3,0,2,0,0
Afghanistan Vs England,Afghanistan,Ben Stokes,https://www.espncricinfo.com/cricketers/ben-stokes-311158,4,0,19,2,4.75,14,2,0,1,0
Afghanistan Vs England,Afghanistan,Chris Woakes,https://www.espncricinfo.com/cricketers/chris-woakes-247235,4,0,24,1,6.00,15,2,1,1,0
Afghanistan Vs England,Afghanistan,Mark Wood,https://www.espncricinfo.com/cricketers/mark-wood-351588,4,0,23,2,5.75,14,2,1,0,0
Afghanistan Vs England,Afghanistan,Sam Curran,https://www.espncricinfo.com/cricketers/sam-curran-662973,3.4,0,10,5,2.72,16,1,0,1,0
Afghanistan Vs England,Afghanistan,Adil Rashid,https://www.espncricinfo.com/cricketers/adil-rashid-244497,4,0,32,0,8.00,4,1,1,0,0
Afghanistan Vs England,England,Fazalhaq Farooqi,https://www.espncricinfo.com/cricketers/fazalhaq-farooqi-974175,4,0,24,1,6.00,15,2,1,3,0
Afghanistan Vs England,England,Azmatullah Omarzai,https://www.espncricinfo.com/cricketers/azmatullah-omarzai-819429,1.1,0,11,0,9.42,2,1,0,3,0
Afghanistan Vs England,England,Mujeeb Ur Rahman,https://www.espncricinfo.com/cricketers/mujeeb-ur-rahman-974109,4,0,22,1,5.50,10,1,0,0,0
Afghanistan Vs England,England,Rashid Khan,https://www.espncricinfo.com/cricketers/rashid-khan-793463,4,0,17,1,4.25,10,0,0,0,0
Afghanistan Vs England,England,Fareed Ahmad,https://www.espncricinfo.com/cricketers/fareed-ahmad-568136,2,0,23,1,11.50,2,2,0,1,0
Afghanistan Vs England,England,Mohammad Nabi,https://www.espncricinfo.com/cricketers/mohammad-nabi-25913,3,0,16,1,5.33,6,0,0,0,0
Australia Vs New Zealand,Australia,Mitchell Starc,https://www.espncricinfo.com/cricketers/mitchell-starc-311592,4,0,36,0,9.00,5,3,1,0,0
Australia Vs New Zealand,Australia,Josh Hazlewood,https://www.espncricinfo.com/cricketers/josh-hazlewood-288284,4,0,41,2,10.25,8,5,1,1,0
Australia Vs New Zealand,Australia,Pat Cummins,https://www.espncricinfo.com/cricketers/pat-cummins-489889,4,0,46,0,11.50,8,4,2,2,0
Australia Vs New Zealand,Australia,Marcus Stoinis,https://www.espncricinfo.com/cricketers/marcus-stoinis-325012,4,0,38,0,9.50,3,1,2,1,0
Australia Vs New Zealand,Australia,Adam Zampa,https://www.espncricinfo.com/cricketers/adam-zampa-379504,4,0,39,1,9.75,4,2,2,1,0
Australia Vs New Zealand,New Zealand,Trent Boult,https://www.espncricinfo.com/cricketers/trent-boult-277912,4,0,24,2,6.00,13,2,1,1,0
Australia Vs New Zealand,New Zealand,Tim Southee,https://www.espncricinfo.com/cricketers/tim-southee-232364,2.1,0,6,3,2.76,10,1,0,0,0
Australia Vs New Zealand,New Zealand,Mitchell Santner,https://www.espncricinfo.com/cricketers/mitchell-santner-502714,4,0,31,3,7.75,10,2,2,0,0
Australia Vs New Zealand,New Zealand,Lockie Ferguson,https://www.espncricinfo.com/cricketers/lockie-ferguson-493773,3,0,20,1,6.66,9,2,1,0,0
Australia Vs New Zealand,New Zealand,Ish Sodhi,https://www.espncricinfo.com/cricketers/ish-sodhi-559066,4,0,29,1,7.25,8,2,1,1,0
Scotland Vs Zimbabwe,Scotland,Tendai Chatara,https://www.espncricinfo.com/cricketers/tendai-chatara-425639,4,1,14,2,3.50,14,1,0,0,0
Scotland Vs Zimbabwe,Scotland,Richard Ngarava,https://www.espncricinfo.com/cricketers/richard-ngarava-806241,4,0,28,2,7.00,12,4,0,1,1
Scotland Vs Zimbabwe,Scotland,Blessing Muzarabani,https://www.espncricinfo.com/cricketers/blessing-muzarabani-827051,4,0,34,1,8.50,9,5,0,0,2
Scotland Vs Zimbabwe,Scotland,Sean Williams,https://www.espncricinfo.com/cricketers/sean-williams-55870,3,0,19,0,6.33,4,1,0,0,0
Scotland Vs Zimbabwe,Scotland,Sikandar Raza,https://www.espncricinfo.com/cricketers/sikandar-raza-299572,4,0,20,1,5.00,10,0,0,2,0
Scotland Vs Zimbabwe,Scotland,Wessly Madhevere,https://www.espncricinfo.com/cricketers/wessly-madhevere-938959,1,0,7,0,7.00,1,0,0,0,0
Scotland Vs Zimbabwe,Zimbabwe,Brad Wheal,https://www.espncricinfo.com/cricketers/brad-wheal-807535,4,0,26,1,6.50,12,4,0,0,0
Scotland Vs Zimbabwe,Zimbabwe,Josh Davey,https://www.espncricinfo.com/cricketers/josh-davey-407265,3,0,16,2,5.33,8,1,0,0,1
Scotland Vs Zimbabwe,Zimbabwe,Safyaan Sharif,https://www.espncricinfo.com/cricketers/safyaan-sharif-414970,2.3,0,23,0,9.20,4,3,0,0,1
Scotland Vs Zimbabwe,Zimbabwe,Mark Watt,https://www.espncricinfo.com/cricketers/mark-watt-659081,4,0,19,1,4.75,9,1,0,0,0
Scotland Vs Zimbabwe,Zimbabwe,Michael Leask,https://www.espncricinfo.com/cricketers/michael-leask-414966,4,0,36,1,9.00,4,2,1,0,0
Scotland Vs Zimbabwe,Zimbabwe,Calum MacLeod,https://www.espncricinfo.com/cricketers/calum-macleod-232435,1,0,11,0,11.00,0,0,1,0,0
Ireland Vs West Indies,Ireland,Josh Little,https://www.espncricinfo.com/cricketers/josh-little-928067,4,0,31,0,7.75,8,1,2,1,0
Ireland Vs West Indies,Ireland,Mark Adair,https://www.espncricinfo.com/cricketers/mark-adair-526441,4,0,26,0,6.50,12,1,1,4,0
Ireland Vs West Indies,Ireland,Barry McCarthy,https://www.espncricinfo.com/cricketers/barry-mccarthy-348059,4,0,33,1,8.25,9,3,1,1,0
Ireland Vs West Indies,Ireland,Curtis Campher,https://www.espncricinfo.com/cricketers/curtis-campher-595921,2,0,28,0,14.00,2,4,1,0,0
Ireland Vs West Indies,Ireland,Simi Singh,https://www.espncricinfo.com/cricketers/simi-singh-1005257,2,0,11,1,5.50,4,1,0,0,0
Ireland Vs West Indies,Ireland,Gareth Delany,https://www.espncricinfo.com/cricketers/gareth-delany-1099379,4,0,16,3,4.00,12,1,0,1,0
Ireland Vs West Indies,West Indies,Obed McCoy,https://www.espncricinfo.com/cricketers/obed-mccoy-906783,3.3,0,27,0,7.71,11,2,2,0,0
Ireland Vs West Indies,West Indies,Akeal Hosein,https://www.espncricinfo.com/cricketers/akeal-hosein-530812,4,0,38,1,9.50,5,2,2,0,0
Ireland Vs West Indies,West Indies,Alzarri Joseph,https://www.espncricinfo.com/cricketers/alzarri-joseph-670031,4,0,39,0,9.75,9,3,2,1,0
Ireland Vs West Indies,West Indies,Odean Smith,https://www.espncricinfo.com/cricketers/odean-smith-820691,2,0,23,0,11.50,4,3,1,0,1
Ireland Vs West Indies,West Indies,Jason Holder,https://www.espncricinfo.com/cricketers/jason-holder-391485,4,0,23,0,5.75,7,1,0,0,0
Namibia Vs U.A.E.,Namibia,Ruben Trumpelmann,https://www.espncricinfo.com/cricketers/ruben-trumpelmann-698317,4,0,22,0,5.50,10,0,0,3,0
Namibia Vs U.A.E.,Namibia,David Wiese,https://www.espncricinfo.com/cricketers/david-wiese-221140,4,0,27,1,6.75,12,2,1,1,0
Namibia Vs U.A.E.,Namibia,Bernard Scholtz,https://www.espncricinfo.com/cricketers/bernard-scholtz-330223,4,0,22,1,5.50,11,1,1,0,0
Namibia Vs U.A.E.,Namibia,JJ Smit,https://www.espncricinfo.com/cricketers/jj-smit-553821,4,0,39,0,9.75,11,2,3,0,0
Namibia Vs U.A.E.,Namibia,Jan Frylinck,https://www.espncricinfo.com/cricketers/jan-frylinck-482478,3,0,30,0,10.00,3,2,1,1,0
Namibia Vs U.A.E.,Namibia,Ben Shikongo,https://www.espncricinfo.com/cricketers/ben-shikongo-1069820,1,0,8,1,8.00,1,1,0,0,0
Namibia Vs U.A.E.,U.A.E.,Basil Hameed,https://www.espncricinfo.com/cricketers/basil-hameed-1209110,3,0,17,2,5.66,10,2,0,0,0
Namibia Vs U.A.E.,U.A.E.,Junaid Siddique,https://www.espncricinfo.com/cricketers/junaid-siddique-1203754,4,0,35,1,8.75,8,3,1,2,0
Namibia Vs U.A.E.,U.A.E.,Zahoor Khan,https://www.espncricinfo.com/cricketers/zahoor-khan-384525,4,0,20,2,5.00,15,1,0,2,2
Namibia Vs U.A.E.,U.A.E.,Ahmed Raza,https://www.espncricinfo.com/cricketers/ahmed-raza-245490,1,0,9,0,9.00,1,1,0,0,0
Namibia Vs U.A.E.,U.A.E.,Karthik Meiyappan,https://www.espncricinfo.com/cricketers/karthik-meiyappan-1058987,4,0,34,1,8.50,8,2,2,0,0
Namibia Vs U.A.E.,U.A.E.,Aayan Afzal Khan,https://www.espncricinfo.com/cricketers/aayan-afzal-khan-1241265,2,0,7,0,3.50,5,0,0,0,0
Namibia Vs U.A.E.,U.A.E.,Muhammad Waseem,https://www.espncricinfo.com/cricketers/muhammad-waseem-1241277,2,0,16,1,8.00,3,0,1,0,0
Netherlands Vs Sri Lanka,Netherlands,Fred Klaassen,https://www.espncricinfo.com/cricketers/fred-klaassen-1104703,4,0,34,1,8.50,9,1,2,0,0
Netherlands Vs Sri Lanka,Netherlands,Tim Pringle,https://www.espncricinfo.com/cricketers/tim-pringle-1193548,3,0,22,0,7.33,8,0,2,0,0
Netherlands Vs Sri Lanka,Netherlands,Roelof van der Merwe,https://www.espncricinfo.com/cricketers/roelof-van-der-merwe-47850,3,0,16,0,5.33,10,2,0,0,0
Netherlands Vs Sri Lanka,Netherlands,Paul van Meekeren,https://www.espncricinfo.com/cricketers/paul-van-meekeren-348109,4,0,25,2,6.25,11,3,0,1,0
Netherlands Vs Sri Lanka,Netherlands,Bas de Leede,https://www.espncricinfo.com/cricketers/bas-de-leede-1036191,3,0,31,2,10.33,5,2,2,0,0
Netherlands Vs Sri Lanka,Netherlands,Timm van der Gugten,https://www.espncricinfo.com/cricketers/timm-van-der-gugten-333782,3,0,31,1,10.33,3,2,1,0,0
Netherlands Vs Sri Lanka,Sri Lanka,Dhananjaya de Silva,https://www.espncricinfo.com/cricketers/dhananjaya-de-silva-465793,1,0,5,0,5.00,1,0,0,0,0
Netherlands Vs Sri Lanka,Sri Lanka,Lahiru Kumara,https://www.espncricinfo.com/cricketers/lahiru-kumara-784375,4,0,28,1,7.00,14,2,1,1,0
Netherlands Vs Sri Lanka,Sri Lanka,Binura Fernando,https://www.espncricinfo.com/cricketers/binura-fernando-629080,4,0,33,1,8.25,11,4,1,1,0
Netherlands Vs Sri Lanka,Sri Lanka,Maheesh Theekshana,https://www.espncricinfo.com/cricketers/maheesh-theekshana-1138316,4,0,32,2,8.00,12,1,2,2,1
Netherlands Vs Sri Lanka,Sri Lanka,Wanindu Hasaranga,https://www.espncricinfo.com/cricketers/wanindu-hasaranga-784379,4,0,28,3,7.00,11,3,0,0,0
Netherlands Vs Sri Lanka,Sri Lanka,Chamika Karunaratne,https://www.espncricinfo.com/cricketers/chamika-karunaratne-623695,2,0,11,0,5.50,6,1,0,1,0
Netherlands Vs Sri Lanka,Sri Lanka,Dasun Shanaka,https://www.espncricinfo.com/cricketers/dasun-shanaka-437316,1,0,7,0,7.00,3,1,0,0,0
West Indies Vs Zimbabwe,West Indies,Richard Ngarava,https://www.espncricinfo.com/cricketers/richard-ngarava-806241,3,0,20,0,6.66,9,1,1,1,0
West Indies Vs Zimbabwe,West Indies,Tendai Chatara,https://www.espncricinfo.com/cricketers/tendai-chatara-425639,3,0,22,0,7.33,5,2,0,2,0
West Indies Vs Zimbabwe,West Indies,Blessing Muzarabani,https://www.espncricinfo.com/cricketers/blessing-muzarabani-827051,4,0,38,2,9.50,10,2,2,2,1
West Indies Vs Zimbabwe,West Indies,Ryan Burl,https://www.espncricinfo.com/cricketers/ryan-burl-495964,3,0,27,0,9.00,5,3,1,0,0
West Indies Vs Zimbabwe,West Indies,Sikandar Raza,https://www.espncricinfo.com/cricketers/sikandar-raza-299572,4,0,19,3,4.75,7,0,0,0,0
West Indies Vs Zimbabwe,West Indies,Sean Williams,https://www.espncricinfo.com/cricketers/sean-williams-55870,3,0,17,1,5.66,7,1,0,0,1
West Indies Vs Zimbabwe,Zimbabwe,Kyle Mayers,https://www.espncricinfo.com/cricketers/kyle-mayers-348056,1,0,17,0,17.00,3,3,0,1,0
West Indies Vs Zimbabwe,Zimbabwe,Akeal Hosein,https://www.espncricinfo.com/cricketers/akeal-hosein-530812,4,0,25,1,6.25,12,1,1,1,1
West Indies Vs Zimbabwe,Zimbabwe,Alzarri Joseph,https://www.espncricinfo.com/cricketers/alzarri-joseph-670031,4,0,16,4,4.00,16,1,1,0,0
West Indies Vs Zimbabwe,Zimbabwe,Obed McCoy,https://www.espncricinfo.com/cricketers/obed-mccoy-906783,3,0,19,1,6.33,9,3,0,0,0
West Indies Vs Zimbabwe,Zimbabwe,Jason Holder,https://www.espncricinfo.com/cricketers/jason-holder-391485,3.2,0,12,3,3.60,12,1,0,0,0
West Indies Vs Zimbabwe,Zimbabwe,Odean Smith,https://www.espncricinfo.com/cricketers/odean-smith-820691,3,0,31,1,10.33,8,4,1,1,1
Ireland Vs Scotland,Ireland,Josh Little,https://www.espncricinfo.com/cricketers/josh-little-928067,4,0,30,1,7.50,10,2,1,1,0
Ireland Vs Scotland,Ireland,Mark Adair,https://www.espncricinfo.com/cricketers/mark-adair-526441,4,0,23,1,5.75,12,2,0,2,0
Ireland Vs Scotland,Ireland,Barry McCarthy,https://www.espncricinfo.com/cricketers/barry-mccarthy-348059,4,0,59,0,14.75,4,6,3,1,1
Ireland Vs Scotland,Ireland,Gareth Delany,https://www.espncricinfo.com/cricketers/gareth-delany-1099379,3,0,28,0,9.33,3,2,1,0,0
Ireland Vs Scotland,Ireland,Simi Singh,https://www.espncricinfo.com/cricketers/simi-singh-1005257,2,0,16,0,8.00,2,2,0,0,0
Ireland Vs Scotland,Ireland,Curtis Campher,https://www.espncricinfo.com/cricketers/curtis-campher-595921,2,0,9,2,4.50,7,1,0,0,0
Ireland Vs Scotland,Ireland,George Dockrell,https://www.espncricinfo.com/cricketers/george-dockrell-348034,1,0,9,0,9.00,1,1,0,0,0
Ireland Vs Scotland,Scotland,Mark Watt,https://www.espncricinfo.com/cricketers/mark-watt-659081,4,0,39,1,9.75,10,2,1,2,0
Ireland Vs Scotland,Scotland,Brad Wheal,https://www.espncricinfo.com/cricketers/brad-wheal-807535,4,0,25,1,6.25,11,2,1,0,0
Ireland Vs Scotland,Scotland,Josh Davey,https://www.espncricinfo.com/cricketers/josh-davey-407265,4,0,46,0,11.50,5,8,0,1,0
Ireland Vs Scotland,Scotland,Safyaan Sharif,https://www.espncricinfo.com/cricketers/safyaan-sharif-414970,3,0,32,1,10.66,3,4,0,1,0
Ireland Vs Scotland,Scotland,Chris Greaves,https://www.espncricinfo.com/cricketers/chris-greaves-873199,2,0,18,0,9.00,1,0,1,1,0
Ireland Vs Scotland,Scotland,Michael Leask,https://www.espncricinfo.com/cricketers/michael-leask-414966,2,0,16,1,8.00,2,1,0,0,0
Sri Lanka Vs U.A.E.,Sri Lanka,Junaid Siddique,https://www.espncricinfo.com/cricketers/junaid-siddique-1203754,4,0,36,0,9.00,8,2,1,2,0
Sri Lanka Vs U.A.E.,Sri Lanka,Kashif Daud,https://www.espncricinfo.com/cricketers/kashif-daud-229225,1,0,14,0,14.00,0,2,0,0,0
Sri Lanka Vs U.A.E.,Sri Lanka,Zahoor Khan,https://www.espncricinfo.com/cricketers/zahoor-khan-384525,4,0,26,2,6.50,10,3,0,0,0
Sri Lanka Vs U.A.E.,Sri Lanka,Aayan Afzal Khan,https://www.espncricinfo.com/cricketers/aayan-afzal-khan-1241265,3,0,16,1,5.33,7,1,0,0,0
Sri Lanka Vs U.A.E.,Sri Lanka,Aryan Lakra,https://www.espncricinfo.com/cricketers/aryan-lakra-1058989,3,0,24,1,8.00,5,3,0,0,0
Sri Lanka Vs U.A.E.,Sri Lanka,Karthik Meiyappan,https://www.espncricinfo.com/cricketers/karthik-meiyappan-1058987,4,0,19,3,4.75,12,0,1,0,0
Sri Lanka Vs U.A.E.,Sri Lanka,Basil Hameed,https://www.espncricinfo.com/cricketers/basil-hameed-1209110,1,0,13,0,13.00,1,1,1,0,0
Sri Lanka Vs U.A.E.,U.A.E.,Pramod Madushan,https://www.espncricinfo.com/cricketers/pramod-madushan-826689,3,0,14,1,4.66,12,2,0,1,0
Sri Lanka Vs U.A.E.,U.A.E.,Maheesh Theekshana,https://www.espncricinfo.com/cricketers/maheesh-theekshana-1138316,3.1,0,15,2,4.73,10,2,0,0,0
Sri Lanka Vs U.A.E.,U.A.E.,Dushmantha Chameera,https://www.espncricinfo.com/cricketers/dushmantha-chameera-552152,3.5,0,15,3,3.91,16,0,1,0,0
Sri Lanka Vs U.A.E.,U.A.E.,Chamika Karunaratne,https://www.espncricinfo.com/cricketers/chamika-karunaratne-623695,2,0,14,0,7.00,5,2,0,0,0
Sri Lanka Vs U.A.E.,U.A.E.,Wanindu Hasaranga,https://www.espncricinfo.com/cricketers/wanindu-hasaranga-784379,4,1,8,3,2.00,17,0,0,0,0
Sri Lanka Vs U.A.E.,U.A.E.,Dasun Shanaka,https://www.espncricinfo.com/cricketers/dasun-shanaka-437316,1.1,0,7,1,6.00,3,0,0,1,0
Namibia Vs Netherlands,Namibia,Fred Klaassen,https://www.espncricinfo.com/cricketers/fred-klaassen-1104703,3,0,15,0,5.00,11,1,0,0,0
Namibia Vs Netherlands,Namibia,Tim Pringle,https://www.espncricinfo.com/cricketers/tim-pringle-1193548,3,0,15,1,5.00,8,0,0,0,0
Namibia Vs Netherlands,Namibia,Bas de Leede,https://www.espncricinfo.com/cricketers/bas-de-leede-1036191,3,0,18,2,6.00,6,1,0,0,0
Namibia Vs Netherlands,Namibia,Colin Ackermann,https://www.espncricinfo.com/cricketers/colin-ackermann-379774,3,0,17,1,5.66,8,2,0,0,0
Namibia Vs Netherlands,Namibia,Paul van Meekeren,https://www.espncricinfo.com/cricketers/paul-van-meekeren-348109,4,0,18,1,4.50,11,1,0,1,0
Namibia Vs Netherlands,Namibia,Timm van der Gugten,https://www.espncricinfo.com/cricketers/timm-van-der-gugten-333782,3,0,29,0,9.66,4,1,1,2,0
Namibia Vs Netherlands,Namibia,Roelof van der Merwe,https://www.espncricinfo.com/cricketers/roelof-van-der-merwe-47850,1,0,6,1,6.00,1,0,0,1,0
Namibia Vs Netherlands,Netherlands,Bernard Scholtz,https://www.espncricinfo.com/cricketers/bernard-scholtz-330223,4,0,21,1,5.25,10,0,1,0,0
Namibia Vs Netherlands,Netherlands,David Wiese,https://www.espncricinfo.com/cricketers/david-wiese-221140,2.3,0,22,0,8.80,4,3,0,0,0
Namibia Vs Netherlands,Netherlands,Gerhard Erasmus,https://www.espncricinfo.com/cricketers/gerhard-erasmus-519070,3,0,13,0,4.33,8,0,0,1,0
Namibia Vs Netherlands,Netherlands,Ben Shikongo,https://www.espncricinfo.com/cricketers/ben-shikongo-1069820,1,0,18,0,18.00,1,0,2,1,0
Namibia Vs Netherlands,Netherlands,JJ Smit,https://www.espncricinfo.com/cricketers/jj-smit-553821,4,0,24,2,6.00,9,2,0,0,0
Namibia Vs Netherlands,Netherlands,Jan Frylinck,https://www.espncricinfo.com/cricketers/jan-frylinck-482478,4,1,16,1,4.00,11,1,0,0,0
Namibia Vs Netherlands,Netherlands,Jan Nicol Loftie-Eaton,https://www.espncricinfo.com/cricketers/jan-nicol-loftie-eaton-1071473,1,0,8,0,8.00,2,1,0,0,1
Ireland Vs Zimbabwe,Ireland,Josh Little,https://www.espncricinfo.com/cricketers/josh-little-928067,4,0,24,3,6.00,11,3,0,0,0
Ireland Vs Zimbabwe,Ireland,Mark Adair,https://www.espncricinfo.com/cricketers/mark-adair-526441,4,0,39,2,9.75,6,3,1,2,0
Ireland Vs Zimbabwe,Ireland,Barry McCarthy,https://www.espncricinfo.com/cricketers/barry-mccarthy-348059,4,0,24,0,6.00,11,2,0,2,0
Ireland Vs Zimbabwe,Ireland,Curtis Campher,https://www.espncricinfo.com/cricketers/curtis-campher-595921,3,0,29,0,9.66,6,2,2,0,0
Ireland Vs Zimbabwe,Ireland,Simi Singh,https://www.espncricinfo.com/cricketers/simi-singh-1005257,3,0,31,2,10.33,5,2,2,1,0
Ireland Vs Zimbabwe,Ireland,Gareth Delany,https://www.espncricinfo.com/cricketers/gareth-delany-1099379,2,0,21,0,10.50,4,2,1,1,0
Ireland Vs Zimbabwe,Zimbabwe,Richard Ngarava,https://www.espncricinfo.com/cricketers/richard-ngarava-806241,4,0,22,2,5.50,13,3,0,0,0
Ireland Vs Zimbabwe,Zimbabwe,Tendai Chatara,https://www.espncricinfo.com/cricketers/tendai-chatara-425639,4,0,22,2,5.50,13,1,1,2,0
Ireland Vs Zimbabwe,Zimbabwe,Blessing Muzarabani,https://www.espncricinfo.com/cricketers/blessing-muzarabani-827051,4,0,23,3,5.75,14,0,2,0,1
Ireland Vs Zimbabwe,Zimbabwe,Luke Jongwe,https://www.espncricinfo.com/cricketers/luke-jongwe-541224,2,0,24,0,12.00,1,4,0,0,0
Ireland Vs Zimbabwe,Zimbabwe,Sean Williams,https://www.espncricinfo.com/cricketers/sean-williams-55870,3,0,20,1,6.66,3,0,0,0,0
Ireland Vs Zimbabwe,Zimbabwe,Sikandar Raza,https://www.espncricinfo.com/cricketers/sikandar-raza-299572,3,0,22,1,7.33,8,1,1,1,0
Scotland Vs West Indies,Scotland,Kyle Mayers,https://www.espncricinfo.com/cricketers/kyle-mayers-348056,2,0,24,0,12.00,5,5,0,2,0
Scotland Vs West Indies,Scotland,Akeal Hosein,https://www.espncricinfo.com/cricketers/akeal-hosein-530812,4,0,31,0,7.75,8,2,1,0,0
Scotland Vs West Indies,Scotland,Alzarri Joseph,https://www.espncricinfo.com/cricketers/alzarri-joseph-670031,4,0,28,2,7.00,9,3,0,2,0
Scotland Vs West Indies,Scotland,Obed McCoy,https://www.espncricinfo.com/cricketers/obed-mccoy-906783,3,0,25,0,8.33,6,4,0,0,0
Scotland Vs West Indies,Scotland,Jason Holder,https://www.espncricinfo.com/cricketers/jason-holder-391485,3,0,14,2,4.66,8,1,0,0,0
Scotland Vs West Indies,Scotland,Odean Smith,https://www.espncricinfo.com/cricketers/odean-smith-820691,4,0,31,1,7.75,6,3,0,1,0
Scotland Vs West Indies,West Indies,Mark Watt,https://www.espncricinfo.com/cricketers/mark-watt-659081,4,0,12,3,3.00,16,1,0,1,0
Scotland Vs West Indies,West Indies,Brad Wheal,https://www.espncricinfo.com/cricketers/brad-wheal-807535,4,0,32,2,8.00,10,4,1,0,0
Scotland Vs West Indies,West Indies,Josh Davey,https://www.espncricinfo.com/cricketers/josh-davey-407265,3,0,34,1,11.33,8,4,2,1,0
Scotland Vs West Indies,West Indies,Safyaan Sharif,https://www.espncricinfo.com/cricketers/safyaan-sharif-414970,3.3,0,23,1,6.57,7,2,0,2,0
Scotland Vs West Indies,West Indies,Michael Leask,https://www.espncricinfo.com/cricketers/michael-leask-414966,4,0,15,2,3.75,11,0,0,1,0
Netherlands Vs U.A.E.,Netherlands,Fred Klaassen,https://www.espncricinfo.com/cricketers/fred-klaassen-1104703,4,0,13,2,3.25,18,0,0,3,0
Netherlands Vs U.A.E.,Netherlands,Tim Pringle,https://www.espncricinfo.com/cricketers/tim-pringle-1193548,4,0,13,1,3.25,11,0,0,0,0
Netherlands Vs U.A.E.,Netherlands,Logan van Beek,https://www.espncricinfo.com/cricketers/logan-van-beek-440522,2,0,19,0,9.50,5,0,2,1,0
Netherlands Vs U.A.E.,Netherlands,Bas de Leede,https://www.espncricinfo.com/cricketers/bas-de-leede-1036191,3,0,19,3,6.33,9,2,0,2,0
Netherlands Vs U.A.E.,Netherlands,Paul van Meekeren,https://www.espncricinfo.com/cricketers/paul-van-meekeren-348109,4,0,21,0,5.25,11,1,0,0,0
Netherlands Vs U.A.E.,Netherlands,Roelof van der Merwe,https://www.espncricinfo.com/cricketers/roelof-van-der-merwe-47850,3,0,19,1,6.33,7,0,1,0,0
Netherlands Vs U.A.E.,U.A.E.,Junaid Siddique,https://www.espncricinfo.com/cricketers/junaid-siddique-1203754,4,0,24,3,6.00,10,2,0,1,0
Netherlands Vs U.A.E.,U.A.E.,Basil Hameed,https://www.espncricinfo.com/cricketers/basil-hameed-1209110,1,0,7,1,7.00,4,0,1,0,0
Netherlands Vs U.A.E.,U.A.E.,Aayan Afzal Khan,https://www.espncricinfo.com/cricketers/aayan-afzal-khan-1241265,3,0,15,1,5.00,8,1,0,0,0
Netherlands Vs U.A.E.,U.A.E.,Karthik Meiyappan,https://www.espncricinfo.com/cricketers/karthik-meiyappan-1058987,4,0,22,1,5.50,11,2,0,0,0
Netherlands Vs U.A.E.,U.A.E.,Zahoor Khan,https://www.espncricinfo.com/cricketers/zahoor-khan-384525,4,0,11,1,2.75,14,0,0,0,0
Netherlands Vs U.A.E.,U.A.E.,Zawar Farid,https://www.espncricinfo.com/cricketers/zawar-farid-1196500,2.5,0,24,0,8.47,2,2,0,0,0
Netherlands Vs U.A.E.,U.A.E.,Kashif Daud,https://www.espncricinfo.com/cricketers/kashif-daud-229225,1,0,5,0,5.00,1,0,0,0,0
Namibia Vs Sri Lanka,Namibia,Maheesh Theekshana,https://www.espncricinfo.com/cricketers/maheesh-theekshana-1138316,4,0,23,1,5.75,7,0,0,2,0
Namibia Vs Sri Lanka,Namibia,Dushmantha Chameera,https://www.espncricinfo.com/cricketers/dushmantha-chameera-552152,4,0,39,1,9.75,6,3,1,2,0
Namibia Vs Sri Lanka,Namibia,Pramod Madushan,https://www.espncricinfo.com/cricketers/pramod-madushan-826689,4,0,37,2,9.25,6,3,1,0,0
Namibia Vs Sri Lanka,Namibia,Chamika Karunaratne,https://www.espncricinfo.com/cricketers/chamika-karunaratne-623695,4,0,36,1,9.00,7,3,1,1,0
Namibia Vs Sri Lanka,Namibia,Wanindu Hasaranga,https://www.espncricinfo.com/cricketers/wanindu-hasaranga-784379,4,0,27,1,6.75,8,1,1,0,0
Namibia Vs Sri Lanka,Sri Lanka,Gerhard Erasmus,https://www.espncricinfo.com/cricketers/gerhard-erasmus-519070,1,0,8,0,8.00,1,1,0,0,0
Namibia Vs Sri Lanka,Sri Lanka,David Wiese,https://www.espncricinfo.com/cricketers/david-wiese-221140,4,0,16,2,4.00,13,1,0,0,0
Namibia Vs Sri Lanka,Sri Lanka,Bernard Scholtz,https://www.espncricinfo.com/cricketers/bernard-scholtz-330223,4,0,18,2,4.50,10,1,0,0,0
Namibia Vs Sri Lanka,Sri Lanka,Ben Shikongo,https://www.espncricinfo.com/cricketers/ben-shikongo-1069820,3,1,22,2,7.33,6,3,0,0,0
Namibia Vs Sri Lanka,Sri Lanka,JJ Smit,https://www.espncricinfo.com/cricketers/jj-smit-553821,3,0,16,1,5.33,7,0,0,1,0
Namibia Vs Sri Lanka,Sri Lanka,Jan Frylinck,https://www.espncricinfo.com/cricketers/jan-frylinck-482478,4,0,26,2,6.50,10,0,2,1,0
